<?xml version="1.0" encoding="UTF-8"?>
<QCARConfig>
<Tracking>
<ModelTarget name="astronaut1" motionHint="adaptive" trackingMode="car" optimizeTrackingFor="default"/>

</Tracking>

<Assembly name="astronaut1s_assembly" assemblyId="3fb6f6b96cb84283b5b3f1fcbe7b86c2">
<Part name="astronaut1" translation="0 0 0" rotation="AD: 0 0 1 0"/>
<EntryPoint name="GuideView_0000" translation="0.0277666 -0.012996 0.121644" rotation="AD: 1 0 0 112.847" trained="no">

</EntryPoint>

</Assembly>

</QCARConfig>
