{
  "project": {
    "id": "ab575e414f7645efa4dcded9c9d9f04e",
    "name": "astronaut1",
    "source": {
      "file": "C:/Users/robbie/NYU AR-VR/week 10/astronaut1/astronaut1.stl",
      "date": "1677629117218"
    },
    "converted": {
      "file": ".converted/astronaut1.pvz",
      "date": "1681754906245"
    },
    "shadow": {
      "file": ".shadow/astronaut1.glb",
      "date": "1681754906356"
    },
    "bubbleGummed": {
      "file": "",
      "date": ""
    },
    "simplified": {
      "file": "",
      "date": ""
    },
    "assemblyId": "3fb6f6b96cb84283b5b3f1fcbe7b86c2",
    "numDraws": 1,
    "numPolygons": 6375,
    "bubbleGummingSkipped": false,
    "isBubbleGummed": false,
    "originalNumMaterials": 1,
    "originalNumTextures": 0,
    "originalNumDraws": 1,
    "originalNumPolygons": 6375,
    "realisticTextureDetection": false
  },
  "progress": {
    "skipGuideViewWizard": false,
    "upVector": 2,
    "units": 2,
    "coloring": 2,
    "simplification": 2,
    "optimizeTrackingFor": 2
  },
  "camera": {
    "rotation": [
      0.553037724384571,
      0.004737928911214483,
      -0.0031450458161291998,
      0.8331368051670711
    ],
    "translation": [
      -0.027457778992682338,
      -0.11714608668446115,
      0.035252880804259194
    ],
    "up": [
      0,
      1,
      0
    ],
    "target": [
      0,
      0,
      0
    ]
  },
  "views": [
    {
      "name": "GuideView_0000",
      "type": 1,
      "rating": 5,
      "guideViewPosition": {
        "rotation": [
          0.5530466670233715,
          0,
          0,
          0.8331502770175019
        ],
        "translation": [
          -0.02776657164560106,
          -0.11714608668446262,
          0.03525544378611428
        ],
        "up": [
          0,
          1,
          0
        ],
        "target": [
          -0.02776657164560106,
          0.002074881263886774,
          -0.014976637010352942
        ]
      },
      "targetExtent": null,
      "recognitionRanges": null,
      "userVolume": null,
      "images": [
        {
          "type": "edge",
          "file": "GuideView_0000_2.png"
        },
        {
          "type": "shaded",
          "file": "GuideView_0000_1.png"
        }
      ],
      "device": 1,
      "targetExtentPreset": null,
      "recognitionRangesPreset": null
    }
  ],
  "orbitcontrols": {
    "target": [
      -0.02802908572113086,
      0.002074881263885284,
      -0.014975951053202152
    ],
    "worldUpVector": [
      0,
      1,
      0
    ]
  },
  "orbitdetection": {
    "target": [
      -0.02802908572113086,
      0.002074881263885284,
      -0.014975951053202152
    ],
    "worldUpVector": [
      0,
      1,
      0
    ]
  },
  "simplification": {
    "progress": "0%"
  },
  "uniformScale": 1,
  "optimizeTrackingFor": "default",
  "realisticAppearance": "false",
  "version": 7
}